{
  "source_waveform": "results/peak-horizontal-speed/waveform.csv",
  "replaced_pos90_count": 585,
  "best_horizontal_bps": 75.19654069276706,
  "best_vx": 3.7598270346383527,
  "best_vy": -0.3876636418787721,
  "best_tick": 1572,
  "ticks_run": 1572,
  "final_x_m": 4987.707158865041,
  "final_drop_m": -2216.7686986002523,
  "final_horizontal_bps": 75.19654069276706,
  "final_vertical_bps": -7.753272837575443,
  "min_angle": -90.0,
  "max_angle": 0.0,
  "rms_delta_deg": 62.36033152927014,
  "max_abs_delta_deg": 90.0,
  "best_cell": -1,
  "visited_cells": 0,
  "angle_step_deg": 1.0,
  "dvx": 0.0,
  "dvy": 0.0,
  "vx_min": 0.0,
  "vx_max": 0.0,
  "vy_min": 0.0,
  "vy_max": 0.0
}
