{
  "period": 255,
  "split": 165,
  "x_gain": 289.9290444144784,
  "y_gain": 19.919640847333334,
  "climb_per_tick": 0.07811623861699346,
  "climb_per_second": 1.5623247723398692,
  "avg_horizontal_per_second": 22.739532895253213,
  "start_vx": 0.2268409760333688,
  "start_vy": 0.15168319113291023,
  "end_vx": 0.2268409760333688,
  "end_vy": 0.15168319113291023,
  "closure": 0.0,
  "min_y": -74.24811637300945,
  "max_y": 19.919640847333334,
  "min_pitch": -90.0,
  "max_pitch": 90.0,
  "rms_delta": 36.15612249740114,
  "max_abs_delta": 90.0,
  "roughness_l2_second": 5093.046270369129
}