{
  "name": "max_climb_jitter_java_exact",
  "periodTicks": 255,
  "phaseOrigin": "highest steady-state point",
  "phaseRotationTicks": 0,
  "avgHorizontalBlocksPerSecond": 22.739829219457985,
  "climbRateBlocksPerSecond": 1.5615507614040245,
  "dxBlocksPerCycle": 289.9328225480893,
  "dyBlocksPerCycle": 19.909772207901312,
  "heightSpanBlocks": 94.15807479378545,
  "minRelativeYBlocks": -74.24830258588413,
  "maxRelativeYBlocks": 19.909772207901312,
  "meanAbsDeltaDegreesPerTick": 16.327083618380886,
  "rmsDeltaDegreesPerTick": 36.08607582809767,
  "maxAbsDeltaDegreesPerTick": 89.99,
  "minAngleDegrees": -89.99,
  "maxAngleDegrees": 89.99,
  "converged": true
}
