{
  "source_waveform": "results/peak-horizontal-speed/waveform.csv",
  "sigma": 8.0,
  "oscillating": {
    "best_horizontal_bps": 75.19654069276706,
    "best_vx": 3.7598270346383527,
    "best_vy": -0.3876636418787721,
    "best_tick": 1572,
    "ticks_run": 1572,
    "final_x_m": 4987.707158865041,
    "final_drop_m": -2216.7686986002523,
    "final_horizontal_bps": 75.19654069276706,
    "final_vertical_bps": -7.753272837575443,
    "min_angle": -90.0,
    "max_angle": 0.0,
    "rms_delta_deg": 62.36033152927014,
    "max_abs_delta_deg": 90.0,
    "best_cell": -1,
    "visited_cells": 0,
    "angle_step_deg": 0.0,
    "dvx": 0.0,
    "dvy": 0.0,
    "vx_min": 0.0,
    "vx_max": 0.0,
    "vy_min": 0.0,
    "vy_max": 0.0,
    "plot": "docs/images/peak-horizontal-speed.png"
  },
  "smoothed": {
    "best_horizontal_bps": 74.44492169364472,
    "best_vx": 3.722246084682236,
    "best_vy": -0.43885524811992543,
    "best_tick": 1572,
    "ticks_run": 1572,
    "final_x_m": 4940.123678228084,
    "final_drop_m": -2240.6383559275064,
    "final_horizontal_bps": 74.44492169364472,
    "final_vertical_bps": -8.777104962398509,
    "min_angle": -60.838525396678705,
    "max_angle": -11.933566263914711,
    "rms_delta_deg": 0.3234449075561561,
    "max_abs_delta_deg": 2.280444601986492,
    "best_cell": -1,
    "visited_cells": 0,
    "angle_step_deg": 0.0,
    "dvx": 0.0,
    "dvy": 0.0,
    "vx_min": 0.0,
    "vx_max": 0.0,
    "vy_min": 0.0,
    "vy_max": 0.0,
    "plot": "docs/images/peak-horizontal-speed-smooth.png"
  },
  "delta_best_horizontal_bps": -0.7516189991223428,
  "relative_delta": -0.009995393301312315
}
