{
  "source": "smooth_seed",
  "regularization": 0.0,
  "penaltyEps": 1.0,
  "penaltyScale": 25.0,
  "lags": [
    1,
    2,
    3,
    4,
    5,
    6,
    7,
    8
  ],
  "objective": -1.553680887965054,
  "reversalPenalty": 0.04862951104944347,
  "continuousClimbBlocksPerSecond": 1.553680887965054,
  "continuousDyBlocksPerCycle": 19.731747277156188,
  "javaClimbBlocksPerSecond": 1.5529812471325877,
  "javaSummary": {
    "name": "smooth_seed_lambda_0",
    "period": 254,
    "split": -1,
    "height_span": 93.48371178599731,
    "dy": 19.722861838583864,
    "dx": 288.8819498219846,
    "avg_horizontal_bps": 22.746610222203515,
    "min_y": -73.76084994741345,
    "max_y": 19.722861838583864,
    "start_vx": 0.22521707271729935,
    "start_vy": 0.1200978433594525,
    "end_vx": 0.22521707271729946,
    "end_vy": 0.120097843359453,
    "closure": 4.996003610813204e-16,
    "cycles_used": 14,
    "converged": true,
    "min_angle": -89.99,
    "max_angle": 89.99,
    "rms_delta_deg": 7.125405172880528,
    "max_abs_delta_deg": 88.12992183496021,
    "success": true,
    "message": "CONVERGENCE: RELATIVE REDUCTION OF F <= FACTR*EPSMCH"
  },
  "chatter": {
    "adjacentReversalsProductBelow0p25": 1,
    "adjacentReversalsProductBelow1": 1,
    "significantDirectionChangesCircular": 4,
    "meanAbsCircularDeltaDegrees": 1.9205983564576061,
    "rmsCircularDeltaDegrees": 9.079804663353212,
    "maxAbsCircularDeltaDegrees": 89.97399999999999
  },
  "optimizer": {
    "success": true,
    "status": 0,
    "message": "CONVERGENCE: RELATIVE REDUCTION OF F <= FACTR*EPSMCH",
    "nit": 46,
    "nfev": 290,
    "njev": 290,
    "callsIncludingCallbacks": 293,
    "javaBestIteration": 46,
    "javaRegularizedObjective": -1.5529812471325823,
    "coordinateCalls": 19630,
    "coordinateAccepts": 660,
    "elapsedSeconds": 8.521243800001685
  },
  "caseDirectory": "scratch\\climb-no-chatter-strict-0p001\\smooth_seed\\lambda_0"
}