{
  "name": "rotated_highest0_from_best",
  "period": 170,
  "split": 107,
  "height_span": 25.803350156806456,
  "dy": 0.00013753019253420068,
  "dx": 137.58104635030693,
  "avg_horizontal_bps": 16.186005452977287,
  "min_y": -25.80321262661392,
  "max_y": 0.00013753019253420068,
  "start_vx": 0.31761639005170345,
  "start_vy": 0.02178335301283063,
  "end_vx": 0.31761639005170367,
  "end_vy": 0.021783353012830943,
  "closure": 3.122502256758253e-16,
  "cycles_used": 18,
  "converged": true,
  "min_angle": -38.911886344899735,
  "max_angle": 55.65502942557324,
  "rms_delta_deg": 3.7779868676101658,
  "max_abs_delta_deg": 38.91456883476335,
  "success": true,
  "message": "rotated by 1 frames; original highest state index"
}