{
  "name": "rotated_highest0_from_best",
  "period": 179,
  "split": 116,
  "height_span": 28.52272392379742,
  "dy": 1.003297509548521,
  "dx": 149.4685940017474,
  "avg_horizontal_bps": 16.70040156444105,
  "min_y": -27.5194264142489,
  "max_y": 1.003297509548521,
  "start_vx": 0.3219148666767862,
  "start_vy": 0.08933009518697375,
  "end_vx": 0.3219148666767862,
  "end_vy": 0.08933009518697375,
  "closure": 0.0,
  "cycles_used": 17,
  "converged": true,
  "min_angle": -38.73919029421134,
  "max_angle": 55.17695597775009,
  "rms_delta_deg": 2.173751823470479,
  "max_abs_delta_deg": 12.812403547187401,
  "success": true,
  "message": "rotated by 179 frames; original highest state index"
}